dataset,frame,perturb_type,perturb_value,fov_ratio_pct,box_hit_ratio_pct,pixel_drift_px,p50_latency_ms,p95_latency_ms
kitti,000001,yaw_deg,0.0,15.49,100.0,0.0,19.31,27.9
kitti,000011,yaw_deg,0.0,18.47,100.0,0.0,19.31,27.9
kitti,000021,yaw_deg,0.0,15.83,100.0,0.0,19.31,27.9
kitti,000048,yaw_deg,0.0,16.16,100.0,0.0,19.31,27.9
kitti,000049,yaw_deg,0.0,15.91,100.0,0.0,19.31,27.9
kitti,000001,yaw_deg,0.5,15.49,71.3,7.81,19.31,27.9
kitti,000011,yaw_deg,0.5,18.47,85.28,7.73,19.31,27.9
kitti,000021,yaw_deg,0.5,15.82,94.28,7.75,19.31,27.9
kitti,000048,yaw_deg,0.5,16.17,77.05,7.73,19.31,27.9
kitti,000049,yaw_deg,0.5,15.95,94.63,7.73,19.31,27.9
kitti,000001,yaw_deg,1.0,15.49,40.0,15.59,19.31,27.9
kitti,000011,yaw_deg,1.0,18.47,71.19,15.42,19.31,27.9
kitti,000021,yaw_deg,1.0,15.83,88.51,15.47,19.31,27.9
kitti,000048,yaw_deg,1.0,16.18,54.37,15.41,19.31,27.9
kitti,000049,yaw_deg,1.0,15.99,89.26,15.44,19.31,27.9
kitti,000001,yaw_deg,1.5,15.49,21.74,23.31,19.31,27.9
kitti,000011,yaw_deg,1.5,18.47,58.15,23.08,19.31,27.9
kitti,000021,yaw_deg,1.5,15.83,83.08,23.14,19.31,27.9
kitti,000048,yaw_deg,1.5,16.2,31.16,23.06,19.31,27.9
kitti,000049,yaw_deg,1.5,16.02,84.2,23.14,19.31,27.9
kitti,000001,yaw_deg,2.0,15.49,8.7,31.0,19.31,27.9
kitti,000011,yaw_deg,2.0,18.48,46.42,30.7,19.31,27.9
kitti,000021,yaw_deg,2.0,15.84,77.29,30.78,19.31,27.9
kitti,000048,yaw_deg,2.0,16.21,11.86,30.67,19.31,27.9
kitti,000049,yaw_deg,2.0,16.03,78.93,30.8,19.31,27.9
kitti,000001,yaw_deg,3.0,15.49,0.0,46.25,19.31,27.9
kitti,000011,yaw_deg,3.0,18.47,22.94,45.83,19.31,27.9
kitti,000021,yaw_deg,3.0,15.86,65.09,45.95,19.31,27.9
kitti,000048,yaw_deg,3.0,16.22,0.0,45.78,19.31,27.9
kitti,000049,yaw_deg,3.0,16.04,68.54,46.03,19.31,27.9
kitti,000001,pitch_deg,0.5,15.11,81.74,6.58,19.31,27.9
kitti,000011,pitch_deg,0.5,18.05,91.15,6.57,19.31,27.9
kitti,000021,pitch_deg,0.5,15.46,90.77,6.58,19.31,27.9
kitti,000048,pitch_deg,0.5,15.79,88.92,6.57,19.31,27.9
kitti,000049,pitch_deg,0.5,15.53,90.68,6.6,19.31,27.9
kitti,000001,pitch_deg,1.0,14.74,58.26,13.16,19.31,27.9
kitti,000011,pitch_deg,1.0,17.65,85.43,13.13,19.31,27.9
kitti,000021,pitch_deg,1.0,15.11,82.58,13.16,19.31,27.9
kitti,000048,pitch_deg,1.0,15.46,79.79,13.12,19.31,27.9
kitti,000049,pitch_deg,1.0,15.16,82.19,13.18,19.31,27.9
kitti,000001,pitch_deg,2.0,13.98,13.04,26.28,19.31,27.9
kitti,000011,pitch_deg,2.0,16.8,70.71,26.22,19.31,27.9
kitti,000021,pitch_deg,2.0,14.37,68.22,26.28,19.31,27.9
kitti,000048,pitch_deg,2.0,14.78,62.06,26.21,19.31,27.9
kitti,000049,pitch_deg,2.0,14.39,64.49,26.33,19.31,27.9
kitti,000001,trans_y_m,0.05,15.51,98.26,3.06,19.31,27.9
kitti,000011,trans_y_m,0.05,18.46,95.09,2.96,19.31,27.9
kitti,000021,trans_y_m,0.05,15.84,98.3,3.29,19.31,27.9
kitti,000048,trans_y_m,0.05,16.19,94.39,4.0,19.31,27.9
kitti,000049,trans_y_m,0.05,15.92,98.04,3.46,19.31,27.9
kitti,000001,trans_y_m,0.1,15.51,94.78,6.12,19.31,27.9
kitti,000011,trans_y_m,0.1,18.45,90.86,5.91,19.31,27.9
kitti,000021,trans_y_m,0.1,15.87,96.32,6.58,19.31,27.9
kitti,000048,trans_y_m,0.1,16.22,88.14,8.0,19.31,27.9
kitti,000049,trans_y_m,0.1,15.93,96.07,6.9,19.31,27.9
kitti,000001,trans_y_m,0.2,15.54,90.43,12.24,19.31,27.9
kitti,000011,trans_y_m,0.2,18.44,82.11,11.78,19.31,27.9
kitti,000021,trans_y_m,0.2,15.9,92.61,13.15,19.31,27.9
kitti,000048,trans_y_m,0.2,16.25,74.19,15.97,19.31,27.9
kitti,000049,trans_y_m,0.2,15.95,92.12,13.76,19.31,27.9
nuscenes,scene-0103_000,yaw_deg,0.0,8.59,100.0,0.0,19.31,27.9
nuscenes,scene-0103_000,yaw_deg,1.0,8.51,44.6,25.59,19.31,27.9
nuscenes,scene-0103_000,yaw_deg,2.0,8.44,7.19,51.0,19.31,27.9
nuscenes,scene-0103_001,yaw_deg,0.0,8.78,100.0,0.0,19.31,27.9
nuscenes,scene-0103_001,yaw_deg,1.0,8.71,44.33,25.62,19.31,27.9
nuscenes,scene-0103_001,yaw_deg,2.0,8.66,11.86,51.08,19.31,27.9
nuscenes,scene-0103_002,yaw_deg,0.0,8.87,100.0,0.0,19.31,27.9
nuscenes,scene-0103_002,yaw_deg,1.0,8.84,43.43,25.65,19.31,27.9
nuscenes,scene-0103_002,yaw_deg,2.0,8.78,9.6,51.11,19.31,27.9
